tau,h,beta_shock,se_shock,pval_shock,beta_interaction,se_interaction,pval_interaction,n_obs
0.01,0,-0.03217347612416255,0.005695406237793577,1.6244122401343436e-08,-0.022182843019827203,0.0096373406936167,0.02135376412720311,40582
0.01,1,-0.08682350672899375,0.01284085304959583,1.3841054897803087e-11,-0.019873518270852486,0.023033103173106452,0.3882392445635784,40581
0.01,2,-0.12069279188513349,0.018701126967526446,1.10328322428325e-10,-0.04633299725762807,0.03206587389039083,0.14848479777276152,40580
0.01,3,-0.10509403258789263,0.022948971732501485,4.675482126805675e-06,-0.06534267265938887,0.03987554446462208,0.10129073010865643,40579
0.01,4,-0.1596352566105832,0.02820856344665232,1.531872698579818e-08,-0.004511497584681834,0.04891687996146097,0.9265174841987345,40578
0.01,5,-0.14546557041531116,0.02812791271829802,2.3323159194667463e-07,-0.09472530660855316,0.04963067079278133,0.05632021961991617,40577
0.01,6,-0.1594361152745023,0.03431438208378358,3.3894423062117384e-06,-0.06627258188655105,0.0562327396816981,0.2385879618587115,40576
0.01,7,-0.19772565926761132,0.03322330025419376,2.6801105416544134e-09,-0.004994229017839302,0.05517976713048807,0.9278837151782318,40575
0.01,8,-0.18962770196355638,0.03217282852029184,3.798551910874142e-09,-0.03153347503203641,0.049542757224623764,0.5244606159137813,40574
0.01,9,-0.2239164229300048,0.033262708034988375,1.6985529541215594e-11,0.005053387242114127,0.05087018759880374,0.9208697035898986,40573
0.01,10,-0.19793551024849876,0.03529322587430424,2.056340439650564e-08,0.0036327515895209217,0.05543208102782863,0.9477482172853382,40572
0.01,11,-0.1920011587350281,0.03700554586576033,2.1307835905388819e-07,-0.022656642372750113,0.06039316163506322,0.7075490549376168,40571
0.01,12,-0.24111597867186063,0.04040520580894971,2.429877391553077e-09,0.05199320517898087,0.06627235973578198,0.4327288929068892,40570
0.01,13,-0.21472894691701327,0.03932707320919811,4.787078841875855e-08,0.06255903503830496,0.06071747541388534,0.3028612753215217,40569
0.01,14,-0.19745528373019017,0.045519275066124215,1.4423763636308542e-05,0.03304102669227227,0.07048057714192182,0.6392178363962746,40568
0.01,15,-0.19996259644470626,0.039996881552610226,5.773192138851996e-07,0.02235493915800646,0.06185429581424355,0.7177927038948883,40567
0.01,16,-0.21208473649860338,0.040393222926274584,1.524474417044927e-07,0.07961273476173858,0.06512832479932938,0.22156425430971796,40566
0.01,17,-0.20314687022408862,0.043230305094828426,2.6206774023606265e-06,0.02857152170884092,0.0673946386884903,0.6716092380203533,40565
0.01,18,-0.23191709825919915,0.04950146036546888,2.8079068845791057e-06,0.052065217353472804,0.0793705669779015,0.511843042033341,40564
0.01,19,-0.27946083158877855,0.04286221448400597,7.114024388999521e-11,0.12465719666958108,0.06814363949141106,0.06735754147785734,40563
0.01,20,-0.2689091852081926,0.04578854555145414,4.317026930821213e-09,-0.06635763574144704,0.07413086147092242,0.3707165829811877,40562
0.01,21,-0.2722877361459446,0.04520657339722433,1.7248214013564793e-09,-0.08407830575264086,0.07368777905425407,0.25387355571366554,40561
0.01,22,-0.28336734166378363,0.043108993297421364,4.981548323378447e-11,-0.06427321782845041,0.07295169176803515,0.3783024356813771,40560
0.01,23,-0.26368870081328666,0.04411281306972226,2.2833833829166006e-09,-0.10121515210991294,0.07524634131188722,0.17859489388107921,40559
0.01,24,-0.21309558149375363,0.04645967692511504,4.516995079148069e-06,-0.1435270075730024,0.07593823193454542,0.05875848230201531,40558
0.05,0,-0.019448830046147947,0.0019082484850818301,2.3040372607665338e-24,-0.0065233390235839295,0.0033092134469046475,0.048700274813528684,40582
0.05,1,-0.04540645567780821,0.004599046552687584,5.785106139996832e-23,-0.004750620138722184,0.007854684822513027,0.5453062440394938,40581
0.05,2,-0.04982310264762457,0.005928217719570024,4.43855068351647e-17,-0.016928771818606414,0.010379384649553918,0.10289817366033353,40580
0.05,3,-0.04584596590619583,0.007401043708495487,5.902036248010303e-10,-0.057428055344303175,0.012862339884337763,8.035121416632946e-06,40579
0.05,4,-0.05910986591096545,0.00874409836199216,1.3988191237171953e-11,-0.042844104080323575,0.015064066879885372,0.004455570310466876,40578
0.05,5,-0.057203410389004006,0.010103440018417223,1.508246131900134e-08,-0.05071373179031813,0.017832255603877245,0.004458275929561504,40577
0.05,6,-0.07923013621797281,0.011133101163251726,1.1242989432474764e-12,-0.04123623513282837,0.0197084619080804,0.03641688738881,40576
0.05,7,-0.06846935246192676,0.011838478011233665,7.3642079137235954e-09,-0.05570617126634758,0.02064241826876477,0.006965514619690411,40575
0.05,8,-0.07077978275078411,0.013006901763949686,5.3076558542561446e-08,-0.07478226097561436,0.022344612455643197,0.0008183348502145808,40574
0.05,9,-0.09762101686474534,0.012690049654620403,1.4728387078651118e-14,-0.051558958953293654,0.022440859129016836,0.021592573443976398,40573
0.05,10,-0.10978313743243717,0.014334741359918406,1.9222786625958398e-14,-0.0066950086556971655,0.02509547240430905,0.7896387280189949,40572
0.05,11,-0.11327347129524767,0.014858435771069203,2.5223143847170267e-14,0.004517179505469926,0.025941563434596027,0.861764921132709,40571
0.05,12,-0.10169389046100719,0.017390659221292622,5.024830904867894e-09,-0.010101950134746573,0.030397040248306206,0.7396392792363704,40570
0.05,13,-0.10910255580111983,0.01736434838751977,3.3517325493600565e-10,-0.005961018560722842,0.029979196155052335,0.8423900708904125,40569
0.05,14,-0.10970294476881648,0.01698567440931883,1.0689946810789787e-10,0.011672829104490745,0.029307811084209396,0.6904230281391208,40568
0.05,15,-0.0919880685037393,0.018450270793036266,6.198244821898236e-07,-0.010962345595055822,0.03192261635039068,0.7312965321255598,40567
0.05,16,-0.08449877542466278,0.01839938659544821,4.393284645396471e-06,-0.009950318871257302,0.0317149854906992,0.7537187106681622,40566
0.05,17,-0.08066175277190801,0.018439420453098782,1.2205957435730098e-05,-0.04674221097774378,0.03164836051586725,0.13970387879310958,40565
0.05,18,-0.08677621073470831,0.019104279292679858,5.5819912822350716e-06,-0.0827279996873358,0.03228252710107136,0.010392005422941962,40564
0.05,19,-0.08950789681228599,0.019285086808108712,3.4730410972925444e-06,-0.10131113198233344,0.033249697283950795,0.0023130236904269756,40563
0.05,20,-0.10840636082831168,0.019903836874782192,5.166687972170907e-08,-0.10304596915286712,0.03381670778705112,0.0023113935528276124,40562
0.05,21,-0.11395828034433464,0.020125678158626436,1.503366540882474e-08,-0.10806465542328425,0.03463336204193226,0.0018082596548454077,40561
0.05,22,-0.12461646934358195,0.020142377188773364,6.199101256570137e-10,-0.07542498048758972,0.03490254304388997,0.030699879796596104,40560
0.05,23,-0.12928874897836629,0.02050218764396832,2.8910479908582443e-10,-0.10880662860072476,0.03549874991906716,0.0021775226261887496,40559
0.05,24,-0.11593610714487745,0.020487025411011148,1.5328120180264783e-08,-0.07675759815281147,0.0352281543938517,0.029347002265475156,40558
0.1,0,-0.013430780818070254,0.0011691851403001412,1.703563663230938e-30,0.0001434863777722839,0.0020363960555763636,0.9438271368529313,40582
0.1,1,-0.030039812685726086,0.0027478411730560456,8.84657260253856e-28,0.0008518915611039901,0.0047086299965443884,0.8564302366098779,40581
0.1,2,-0.02964627246690643,0.0037011328998056837,1.1769339006116795e-15,-0.01090264845796618,0.006462800946793699,0.09161391766719165,40580
0.1,3,-0.03443362677393358,0.004660399737558906,1.5128067391123258e-13,-0.005689611048280585,0.008195385197305718,0.48753210380687473,40579
0.1,4,-0.038593434616487565,0.005651944899332332,8.710645858777769e-12,-0.011500872971391018,0.009764749455384593,0.23888525591388138,40578
0.1,5,-0.0380898354194219,0.005815153989548744,5.8184793540964696e-11,-0.01746145421661005,0.010224040779089992,0.0876659084098419,40577
0.1,6,-0.04313194853879665,0.006728084384650908,1.464097790195271e-10,-0.01657578519574443,0.011760003735170244,0.15869353320807167,40576
0.1,7,-0.05439574837536454,0.0074341570019836245,2.5825419922385825e-13,-0.005869238668880783,0.01269538320569485,0.643859472328961,40575
0.1,8,-0.050923485901169185,0.007953201215399367,1.5412474229176701e-10,-0.041086242106842086,0.013699411409228764,0.0027092073030386328,40574
0.1,9,-0.05052658381466735,0.008130968165336852,5.212309387334407e-10,-0.052702971307139634,0.01431747514436859,0.0002325999227435736,40573
0.1,10,-0.0569126967100857,0.008775032232646153,8.93026000772554e-11,-0.042754644471400205,0.015456766236776259,0.005676036091206349,40572
0.1,11,-0.06277010430670771,0.00920247700932116,9.16737253072881e-12,-0.04195361954393917,0.016132902829411985,0.009312167979493862,40571
0.1,12,-0.06064611811659404,0.009548233584225706,2.1540437464560064e-10,-0.022946072580310783,0.01660429362419792,0.16699893623979917,40570
0.1,13,-0.06491491488913215,0.010338428962450047,3.442184491188863e-10,-0.01688692973778605,0.017976852108403378,0.3475459993601582,40569
0.1,14,-0.06028762064128701,0.010939028325585787,3.584758976488955e-08,-0.03286410505694448,0.018976712954383093,0.08331458914594891,40568
0.1,15,-0.06307458723565418,0.010896905753055968,7.162387428936662e-09,-0.029143955566539148,0.018901899947053196,0.12311706394947107,40567
0.1,16,-0.06511082049743244,0.011210572546151605,6.370070322586174e-09,-0.02589321675954359,0.019328203184460276,0.1803634796378824,40566
0.1,17,-0.05014532892522805,0.011484049781372305,1.2655425262142144e-05,-0.0549086786915538,0.019915843860324505,0.005835418482151046,40565
0.1,18,-0.05245775450384116,0.011955682087650807,1.1485279768554288e-05,-0.07441838771849696,0.02083991462503376,0.00035609390390209893,40564
0.1,19,-0.060548498530280104,0.012545250288047016,1.395224709181815e-06,-0.07030040596631659,0.021599621156318572,0.001136029814499296,40563
0.1,20,-0.05974015516461506,0.013412875318680444,8.453329056875127e-06,-0.07876970396888705,0.023289266434497063,0.0007196728343743726,40562
0.1,21,-0.07752931302802502,0.013214204362380393,4.468682808097269e-09,-0.0698791094066955,0.022728052423677664,0.0021094251942430924,40561
0.1,22,-0.07550983635095676,0.014037494206456252,7.525043507775939e-08,-0.04784248912345568,0.02417290681010282,0.04780270404463324,40560
0.1,23,-0.09137386521956437,0.014606935321689505,4.001594042219413e-10,-0.04796491957300164,0.02522067580024357,0.057203149883878125,40559
0.1,24,-0.09451423659888603,0.014647550111399715,1.112116266241488e-10,-0.05533068203534697,0.025445375015051015,0.029674209852593315,40558
0.25,0,-0.006035296537792889,0.0006963367707224562,4.589110309710161e-18,0.0026035660483224587,0.0012112167355371717,0.03159704065256605,40582
0.25,1,-0.008976035417376016,0.001468828835344882,9.989860249959016e-10,0.004009175819124522,0.0025425209247953925,0.11483768617953842,40581
0.25,2,-0.01081178699126395,0.0019262916878034326,2.004378766104027e-08,0.0027313646619926413,0.003352794427591806,0.415275638842182,40580
0.25,3,-0.012080417996081949,0.0023389706824056963,2.4177523934207047e-07,0.0056606000020655856,0.004063571570191088,0.16362408895524075,40579
0.25,4,-0.00876690862679752,0.0026406243226907277,0.0009009239453804955,-0.005022317579083446,0.004589393030210935,0.273816090759928,40578
0.25,5,-0.009065375816930121,0.0029699306545381363,0.0022717649643047657,-0.004542960110582417,0.005159224045854199,0.37856608320670715,40577
0.25,6,-0.009539510416720631,0.003326629871959445,0.004137849693193273,-0.011847311898603108,0.005761705036711965,0.03976805308887423,40576
0.25,7,-0.015857376269656,0.0035591094081224768,8.394740206275425e-06,-0.005327504864800936,0.0061585427360605575,0.3870113398088003,40575
0.25,8,-0.012395271761474813,0.0038457809117301996,0.00126918898051402,-0.013948984359743122,0.0066803086574938825,0.03679730627731197,40574
0.25,9,-0.010582905083607264,0.004192217390535332,0.011592817033060403,-0.016284408427919228,0.007291101249262737,0.0255238257586965,40573
0.25,10,-0.00133635121098441,0.004364567728342803,0.7594677989191644,-0.03870421693873105,0.007634707819686509,4.005952575970909e-07,40572
0.25,11,-0.0005600941325525355,0.004720462435419449,0.9055513477141588,-0.034892336331070695,0.008250477769861205,2.351112841661474e-05,40571
0.25,12,-0.009763781228366297,0.004880634026147444,0.04545134261986556,-0.025645265507125092,0.008512195442916344,0.0025903683007124077,40570
0.25,13,-0.008641345681165147,0.005172639651928784,0.094810954352605,-0.02168164073936052,0.009002954298218112,0.016032285862624618,40569
0.25,14,-0.010791901028588596,0.005341397335191907,0.04334572027871968,-0.024548534740701844,0.009282374483485704,0.00818094686733704,40568
0.25,15,-0.015217580260793673,0.0057415573742019225,0.008042123363958,-0.024464802849005984,0.009974520866216533,0.014181866125114321,40567
0.25,16,-0.020226981677803346,0.005917511562717316,0.0006310872798127994,-0.020080803160327454,0.010306178388127488,0.05137116252663426,40566
0.25,17,-0.018851048694714656,0.006072154070898243,0.0019072719331782613,-0.021528668660778294,0.01057643696142843,0.04180392737872487,40565
0.25,18,-0.010857877820725448,0.006130564192805283,0.07655061818060371,-0.036614848594438976,0.010690203665351339,0.0006152169920034471,40564
0.25,19,-0.01957798775595343,0.006646998587985092,0.0032273341711076056,-0.024265135505365576,0.011563155155109564,0.03586827972079798,40563
0.25,20,-0.016701689206033543,0.006819642125903196,0.014327297500899967,-0.047008899719049424,0.01186099244772662,7.404135130972307e-05,40562
0.25,21,-0.012922543072249049,0.007091565326337467,0.06842574497070356,-0.045295719470537676,0.012370333692413416,0.00025092332838905603,40561
0.25,22,-0.013532378630564668,0.007201796353781413,0.0602478052469774,-0.04087506288073328,0.01254965735948691,0.0011266270102272419,40560
0.25,23,-0.013335352092304298,0.007330248440783326,0.06888487931775819,-0.052439774534393635,0.012743734348145578,3.8803496720914774e-05,40559
0.25,24,-0.01124705551018551,0.007499597575245797,0.13370305940668967,-0.06562696732062068,0.013037850834288692,4.834797191225417e-07,40558
0.5,0,0.0017120915832676067,0.0005482134251501285,0.0017912025734261995,-0.0005099680686671063,0.0009527554050502441,0.5924757653429611,40582
0.5,1,0.00559508070811629,0.001126345388342966,6.810924012517145e-07,-0.0018338718534554599,0.0019575015869221714,0.3488448481078099,40581
0.5,2,0.007277183313395996,0.0014406114538884102,4.403565439760413e-07,-0.002186857286427424,0.0025035656036987005,0.3823973578761458,40580
0.5,3,0.010041449384389056,0.0017189778988086612,5.21195613639579e-09,-0.00957634238797661,0.0029873189966685317,0.001348553338468167,40579
0.5,4,0.012143062560873663,0.0019421164236956806,4.0797513801598805e-10,-0.011763911296095136,0.0033750893268134057,0.0004917165290963301,40578
0.5,5,0.012546780346076439,0.00218803575526828,9.862898979173067e-09,-0.008409513066068089,0.0038024464984804615,0.02699946083929848,40577
0.5,6,0.01429748129865091,0.002397579213006832,2.492364454989246e-09,-0.00911280335700626,0.004166598466445539,0.0287402858765664,40576
0.5,7,0.015094584806559175,0.0026016572511409607,6.604945723374095e-09,-0.013662880458164495,0.004521239010885011,0.002513228888457832,40575
0.5,8,0.01683347446409522,0.002768488967280869,1.2096356557290097e-09,-0.01082962028803075,0.004811150201226295,0.024394539256566906,40574
0.5,9,0.02032210150319025,0.002908646847305045,2.8557659154625548e-12,-0.011973558288146169,0.00505470518701891,0.017850818883625715,40573
0.5,10,0.02192906833317254,0.0031361834542118485,2.746318365971451e-12,-0.014072883740412934,0.005450106900708292,0.009822735150275456,40572
0.5,11,0.025659969101334612,0.0033113190674857137,9.464236168009885e-15,-0.027219811934659277,0.005754441983540586,2.2502370689111786e-06,40571
0.5,12,0.03200732986529753,0.0035033695201715054,6.761620602457867e-20,-0.023841964021755424,0.006088171077655407,9.013537828790284e-05,40570
0.5,13,0.02913584359626925,0.003731735022892792,5.9687147088491764e-15,-0.02399026467008103,0.00648500654321527,0.0002164434440873266,40569
0.5,14,0.028304397782196844,0.0039021719283270817,4.13390872240433e-13,-0.019618966927312353,0.006781173060929219,0.003815991645754341,40568
0.5,15,0.026699794288623596,0.004039274292753399,3.88948779387136e-11,-0.021467948916376156,0.0070194086481927395,0.002226895943965194,40567
0.5,16,0.029154643785120782,0.004134405322384993,1.7954828943573089e-12,-0.030280124801727593,0.007184705139342306,2.5084455447669398e-05,40566
0.5,17,0.02561656983911334,0.0042469889232877875,1.6364303250794108e-09,-0.03138157182221396,0.0073803457677159125,2.1229959304406253e-05,40565
0.5,18,0.028524791396816518,0.004393492564121503,8.5391271063319e-11,-0.03886955823286975,0.007634936013737597,3.5774550671766676e-07,40564
0.5,19,0.03103467617750022,0.004619283504647072,1.86020564170195e-11,-0.0476721135878071,0.008027288489805199,2.895253386923619e-09,40563
0.5,20,0.027923034498587018,0.004714070479303601,3.180084465693607e-09,-0.03756820240254016,0.008191901118681379,4.5312921416633135e-06,40562
0.5,21,0.031371392045353386,0.004844099741037625,9.513055354729648e-11,-0.04192264260701806,0.008417834965432533,6.377352267811529e-07,40561
0.5,22,0.03685960668437632,0.004959616751279357,1.0911450674576846e-13,-0.04678519928895941,0.008618549453241755,5.717718191666827e-08,40560
0.5,23,0.04091687392883869,0.005113414762746462,1.2577699268831385e-15,-0.04790329041342889,0.008885785570350288,7.045630753022241e-08,40559
0.5,24,0.03778579235590818,0.005181602192688024,3.1026590841267705e-13,-0.03747831467725171,0.009004251398594367,3.157199586936543e-05,40558
0.75,0,0.007604943887988824,0.0007074377476580409,6.4437134631305076e-27,0.00045277238108232254,0.0012339086142574846,0.7136645059842983,40582
0.75,1,0.014130423394476344,0.00140053932098983,6.576211415216434e-24,-0.004104552874510503,0.0024424800005768423,0.0928705392863663,40581
0.75,2,0.02252040076385864,0.0018476658099332807,4.103622921237955e-34,-0.008504790849401811,0.003227252326881114,0.008409392350702179,40580
0.75,3,0.029198276013741142,0.002217617540325854,1.648722578415949e-39,-0.013114561738886588,0.003880630371360208,0.0007268810857772364,40579
0.75,4,0.026811935421577004,0.002592139970605437,4.809154510674058e-25,-0.008345819424217193,0.004547550070961154,0.06647831180797564,40578
0.75,5,0.027896047250995704,0.002992729035787271,1.2054584617096921e-20,-0.009994498853327372,0.005232467321580996,0.05612829244256857,40577
0.75,6,0.032827962403899846,0.0033646603962151807,1.8280797366597145e-22,-0.011052116502036746,0.005867082788908082,0.05960596151965928,40576
0.75,7,0.039543052738850115,0.0037491574084769553,5.65595698028079e-26,-0.02094382995494304,0.006521148287967664,0.001320649714938624,40575
0.75,8,0.04200962997769264,0.0039014158860844134,5.314578457775624e-27,-0.023046176268920693,0.006773747298493719,0.0006689094691855826,40574
0.75,9,0.04564463019999998,0.004320599342870215,4.7098710430622994e-26,-0.02780018175845278,0.007520353349660055,0.000218742976338211,40573
0.75,10,0.05042682789525221,0.004587718839146802,4.5899633690705495e-28,-0.037362045698988045,0.007979036478800734,2.8427728618681205e-06,40572
0.75,11,0.05215611100984546,0.0047606584809868424,6.831316985630389e-28,-0.03965856829435721,0.00829969099194952,1.773848364006128e-06,40571
0.75,12,0.05593992630017297,0.0049252852815927515,7.534389345969265e-30,-0.046139765596467486,0.008545328944810755,6.723387801647306e-08,40570
0.75,13,0.05872079086456772,0.005213833667896867,2.2223182807001069e-29,-0.04392725661008967,0.009075384138256766,1.301428676625947e-06,40569
0.75,14,0.05949362947479031,0.005441073607827297,8.652507112522225e-28,-0.04277515873636695,0.009471119358678828,6.308327297695628e-06,40568
0.75,15,0.06048129406070979,0.00569496173346254,2.6011311454891523e-26,-0.03696351130242714,0.009916080384363899,0.00019354886244114393,40567
0.75,16,0.06026015473050417,0.00606084541054592,2.890244680912574e-23,-0.03429041715579695,0.010548257993184991,0.0011516924701906776,40566
0.75,17,0.06366723378505745,0.0062618217627610695,2.9604620423129666e-24,-0.04002116913319487,0.0109026939220867,0.0002421406835238634,40565
0.75,18,0.06308559266854097,0.00640048897621526,6.826136880458048e-23,-0.037053717918631435,0.011130342342155354,0.0008721327940452443,40564
0.75,19,0.06832507705141469,0.006804868061538813,1.0769441736945744e-23,-0.045382957163684234,0.01179846139015067,0.00011999302306998544,40563
0.75,20,0.07309055099521,0.007146373355739748,1.596959791936699e-24,-0.036237154195626786,0.012415409503700191,0.0035166032968586666,40562
0.75,21,0.06708173786462313,0.00728466407746913,3.456403039143647e-20,-0.033312452610912535,0.012674889502044208,0.008586423175090962,40561
0.75,22,0.0772506957107173,0.007743622756191876,2.0650591797825412e-23,-0.04618537848997262,0.013469194539398212,0.0006064929050051913,40560
0.75,23,0.0839025948855685,0.007771328386826252,3.8961257871266306e-27,-0.04360448229066094,0.013467654691442984,0.0012058621427142445,40559
0.75,24,0.07944721476487449,0.007932363446716146,1.3868612743995803e-23,-0.02706159189488222,0.013723335380912794,0.04862325906569459,40558
0.9,0,0.014335282411528691,0.0013058431596451206,5.351332009713315e-28,1.8792477086915227e-05,0.002286464207447858,0.9934422913451408,40582
0.9,1,0.02791086008230348,0.0027011969322142094,5.379859749896223e-25,0.0009637821588315276,0.004765780831842547,0.8397382136140409,40581
0.9,2,0.03680444534048344,0.003517044857591456,1.3541152276137677e-25,-0.0002505630804139347,0.00625518262268296,0.9680479785177298,40580
0.9,3,0.03814012308478709,0.004640334189325392,2.1076667616029392e-16,-0.007807811915391483,0.008278665875037198,0.34562288456582735,40579
0.9,4,0.04576518181937583,0.00513402853346086,5.118336626696376e-19,-0.014161184036931118,0.009161242424351866,0.12216765208094763,40578
0.9,5,0.04307881925953683,0.006087637872662705,1.50295308669315e-12,-0.012885240002867837,0.010751285445264233,0.2307357787772616,40577
0.9,6,0.046665814722560484,0.0061021869160232224,2.0961081051386274e-14,-0.0203731051349898,0.010831783682329996,0.05999766390258972,40576
0.9,7,0.04699453031697942,0.0070154839348041875,2.1304111524709528e-11,-0.016024615187902214,0.012284909802869367,0.19209967455580942,40575
0.9,8,0.04955044271915199,0.0072505275647754795,8.371630426729098e-12,-0.024954022110989627,0.012574774922147716,0.04721233445880301,40574
0.9,9,0.06333424379298669,0.007814447068310798,5.431456212250411e-16,-0.02437144623760601,0.013539185713904594,0.07185743001166228,40573
0.9,10,0.0673538529965434,0.008648641728859069,6.980211458104499e-15,-0.019529708714166816,0.015096668906870779,0.19579593019286587,40572
0.9,11,0.07141073200477877,0.009749467879239072,2.4409811466156225e-13,-0.01863838312121402,0.01698046328234307,0.27236958775112446,40571
0.9,12,0.069904792510318,0.009747246617521702,7.53098550982397e-13,-0.01750049567230505,0.017052286681860304,0.3047636721045159,40570
0.9,13,0.07134847394446808,0.00988754000437383,5.4475757005442e-13,-0.014701304816455263,0.017051763901995087,0.38860599302626486,40569
0.9,14,0.07539142043079328,0.010010162378371506,5.1204573291909726e-14,-0.023607913414363413,0.017363718419572245,0.1739604155706493,40568
0.9,15,0.06935138035703403,0.010047234491566167,5.1832259172015056e-12,-0.0027928293912911073,0.017596295176806113,0.8738927142822397,40567
0.9,16,0.07096709044933025,0.010540996267049177,1.690080650842678e-11,0.012796266982553206,0.018330167730110262,0.48511944874180724,40566
0.9,17,0.07452373597106998,0.010988984639552887,1.2041481132049085e-11,0.02375242374866815,0.018988142223698875,0.21097516984933737,40565
0.9,18,0.09180050243974591,0.011557877928729827,2.0292775142865335e-15,0.013704206783664574,0.01993555373655465,0.49181860232879815,40564
0.9,19,0.08591172776446321,0.011789423582128193,3.222487970712917e-13,0.025974830267401217,0.020282743385663844,0.20032854526075888,40563
0.9,20,0.09192689546585964,0.012425716304691995,1.407960896851038e-13,0.018540920493107294,0.021363475430415054,0.38546548624239174,40562
0.9,21,0.10473094387567627,0.013191020092814082,2.0808040468762503e-15,-0.005171386310834691,0.02268256121922096,0.8196555350074985,40561
0.9,22,0.0950805759191895,0.013131964257416437,4.553173542920279e-13,0.011286298271694584,0.022505998897966045,0.6160363866194751,40560
0.9,23,0.10000659458576511,0.012884685319041432,8.578034723466563e-15,0.015614856448292969,0.022040516257471096,0.47866280636143643,40559
0.9,24,0.10163336191632943,0.013021409193207434,6.087579768205293e-15,0.01678121633737817,0.02242661984033084,0.4543003244165623,40558
0.95,0,0.018430059596655335,0.0021079572267991673,2.3534469965441836e-18,0.0026355764383771962,0.0036238365644568364,0.4670531370775787,40582
0.95,1,0.030665205349187374,0.004567708557599307,1.9253858260501353e-11,0.004014866398054373,0.008217086280692093,0.6251277225946448,40581
0.95,2,0.041880840995713486,0.0057656247551176295,3.8287407185985896e-13,-0.004532748796165276,0.01059841560810462,0.6688851179899878,40580
0.95,3,0.04392638641608737,0.006913896910568678,2.129088931437183e-10,0.005636592028066767,0.01261948349187752,0.6551244656478454,40579
0.95,4,0.039979117017328036,0.008774594734291827,5.223019292912077e-06,0.01754254150138479,0.015804476702882368,0.2670172653177392,40578
0.95,5,0.0531932311946548,0.008607036458449185,6.462712354494734e-10,0.001218007261304166,0.01556654861700449,0.9376334166135236,40577
0.95,6,0.04143529108958521,0.009761445740656953,2.1928366083592874e-05,0.005212635893561135,0.017414973042034404,0.7646980354629931,40576
0.95,7,0.05071314145846528,0.010878297554854009,3.1435444177057306e-06,-0.012734712909251655,0.019563681371796718,0.515091210634298,40575
0.95,8,0.06209702608686474,0.011822439786609198,1.5082763676474942e-07,-0.03271914061884473,0.020592924563598538,0.11210126073839281,40574
0.95,9,0.0713775790824176,0.011641996589169501,8.810838411706296e-10,0.014861387699315998,0.020225952393635418,0.46248489240373447,40573
0.95,10,0.06702931242752541,0.012434083096255936,7.054630675766159e-08,0.014407335121414455,0.02183528084481183,0.509373677827182,40572
0.95,11,0.08221725034206173,0.012689443749417818,9.327368767413021e-11,0.006117741861052295,0.02236029877779395,0.7843946604487296,40571
0.95,12,0.07743290485583643,0.012476507196804586,5.477145868789145e-10,0.01769738679460886,0.021804170414839043,0.4169964159318933,40570
0.95,13,0.08347602730548331,0.013501180352850044,6.354579425815159e-10,0.027506945743693834,0.023512031508557484,0.2420443208036193,40569
0.95,14,0.07907007130754806,0.013940359855147761,1.4207757630823136e-08,0.04218372170979734,0.02400056600258636,0.07882081699146956,40568
0.95,15,0.0941478975901715,0.014098218602269084,2.4534466425375954e-11,0.03199205650851189,0.024421522646260074,0.19020516864509518,40567
0.95,16,0.10980307635315967,0.01571560799389898,2.8539108388651024e-12,0.0013556776708014695,0.027782661370019144,0.961082255716138,40566
0.95,17,0.10405466760956017,0.014278973136296794,3.220599196918283e-13,0.013274733287680363,0.024678240344196384,0.5906404286744257,40565
0.95,18,0.11293117535368058,0.01458082843709799,9.765510200900095e-15,0.009507945085696523,0.025443501858263454,0.7086380050627131,40564
0.95,19,0.12425399989228936,0.015403061663355581,7.410721402018227e-16,-0.01899225847097341,0.02684527962345831,0.4792778554169983,40563
0.95,20,0.12973368921377926,0.015769894285713085,1.98163082625178e-16,-0.009700367936488874,0.02723159492868524,0.7216796154167753,40562
0.95,21,0.13962171570497262,0.016334910524720185,1.301665325992533e-17,-0.006611579998434536,0.027731516750122847,0.8115612660007999,40561
0.95,22,0.1400068560477905,0.01729506204833543,5.875319568939648e-16,-0.005847893478424737,0.029602037223253264,0.8433978566460136,40560
0.95,23,0.12686075426127275,0.017077985288450052,1.1214271289968607e-13,0.017997552788806104,0.029337625498679173,0.5395735678884247,40559
0.95,24,0.11594303555549423,0.016958531231644126,8.209383786017671e-12,0.009688323554261302,0.029031106553807366,0.7385909525277647,40558
0.99,0,0.01863390198585413,0.007998769410757773,0.01983238937943533,0.01575070990383942,0.01366383777794605,0.2490281898253848,40582
0.99,1,0.042498527968973576,0.013867710222277943,0.0021812832409146008,-0.008080559069640003,0.025646630862560565,0.7527079033954673,40581
0.99,2,0.06388120777603845,0.015258652401734353,2.8381524126740803e-05,-0.00010933872972174186,0.030716580920292218,0.9971598739203813,40580
0.99,3,0.060375636959321355,0.018188114805039873,0.0009025485681656562,0.0016680921099521129,0.034364116103304525,0.9612847824438305,40579
0.99,4,0.07417150433123565,0.02139242086452218,0.0005264821739998972,0.00884875224405679,0.0398024357881252,0.8240683530810061,40578
0.99,5,0.07241397456964904,0.024565954091794896,0.0032029142032799444,0.0002293417424867883,0.04541711753749605,0.9959709831869792,40577
0.99,6,0.07946142970277847,0.025485638330955258,0.0018227779783286796,-0.018423621203393026,0.044233520605064615,0.6770404188845813,40576
0.99,7,0.12531961910871203,0.02853531001080528,1.1273220898541877e-05,-0.002400498257253858,0.04981424124101254,0.9615658573776609,40575
0.99,8,0.13551332211755707,0.03033341606002917,7.93674692073017e-06,-0.02436839433318294,0.05250862905471949,0.6425903314767707,40574
0.99,9,0.12768625595749938,0.025922132401323638,8.436235033564912e-07,-0.01516398819235576,0.04435867576996929,0.7324659763376471,40573
0.99,10,0.11750159102410151,0.03149227738484399,0.00019088716942373594,-0.005435306475554569,0.05137946281716735,0.9157514538000207,40572
0.99,11,0.11955046268379022,0.027228209562247665,1.1328013202970693e-05,0.01583431173976635,0.04611671259205786,0.7313346906975566,40571
0.99,12,0.08861086900366644,0.028745344202432237,0.0020532707333949796,0.13685595692457753,0.05151279793196313,0.007893184883188796,40570
0.99,13,0.11679617832717781,0.029877905875536903,9.27852471069947e-05,0.07954444812492056,0.052903150547290854,0.1326957273059788,40569
0.99,14,0.12945779102960664,0.033309913563170236,0.0001018765232511765,0.0628608845274492,0.05824869027444038,0.2805134293126135,40568
0.99,15,0.15226873450387757,0.03427037760797786,8.888200946113e-06,0.02959780305775439,0.06047852459320215,0.6245657106612841,40567
0.99,16,0.17090386552670367,0.037000547551312685,3.8686062345910436e-06,-0.007874988450787157,0.06445608125761315,0.9027602107298909,40566
0.99,17,0.16029778179244047,0.03447488472109397,3.334685583689018e-06,-0.008895544856102333,0.05832520340834639,0.8787804853858308,40565
0.99,18,0.16833415543309727,0.0334087863121669,4.709131684508885e-07,-0.0713754608980608,0.0586879064882164,0.2239208252384517,40564
0.99,19,0.17457956938554986,0.0353594186923356,7.953130217433689e-07,-0.09716971861234214,0.0612933451722951,0.1129008784467082,40563
0.99,20,0.1781374858475866,0.036563092093549084,1.1085807981117978e-06,-0.12416143265288859,0.06279961887449405,0.04803653844966107,40562
0.99,21,0.17935635320365773,0.03792208586685557,2.2571695821836263e-06,-0.1521202741417369,0.0698811015475985,0.02949793818969292,40561
0.99,22,0.19563526173578794,0.03741344038800286,1.712637729371688e-07,-0.16498423382836336,0.0717352703613014,0.021458714146033016,40560
0.99,23,0.16540156859045574,0.03734621325506465,9.497500175894208e-06,-0.10348714161067818,0.07012078154608595,0.13999427972021816,40559
0.99,24,0.1555595833387997,0.04183924301855713,0.00020105212759602387,-0.060405345163928814,0.07563470839958807,0.4245004773657953,40558
